WorkshopID	Mod	Carpeta	PackageID	Steam	Última actualización
3242000764	1trickPwnyta's Anomaly Patch	Data/!1trickPwnyta	anomalypatch.1trickPwnyta	https://steamcommunity.com/sharedfiles/filedetails/?id=3242000764	2026-09-07
3461060466	1trickPwnyta's Biotech Patch	Data/!1trickPwnyta	biotechpatch.1trickPwnyta	https://steamcommunity.com/sharedfiles/filedetails/?id=3461060466	2026-09-07
3285178686	1trickPwnyta's Defaults	Data/!1trickPwnyta	defaults.1trickPwnyta	https://steamcommunity.com/sharedfiles/filedetails/?id=3285178686	2026-09-07
2764625248	1trickPwnyta's Ideology Patch	Data/!1trickPwnyta	ideologypatch.1trickPwnyta	https://steamcommunity.com/sharedfiles/filedetails/?id=2764625248	2026-09-07
3578444636	1trickPwnyta's Odyssey Patch	Data/!1trickPwnyta	odysseypatch.1trickPwnyta	https://steamcommunity.com/sharedfiles/filedetails/?id=3578444636	2026-09-10
3520130671	Nice Bill Tab	Data/!Andromeda	Andromeda.NiceBillTab	https://steamcommunity.com/sharedfiles/filedetails/?id=3520130671	2026-09-07
3328729902	Nice Health Tab	Data/!Andromeda	Andromeda.NiceHealthTab	https://steamcommunity.com/sharedfiles/filedetails/?id=3328729902	2026-09-07
3609897594	Nice Inventory Tab	Data/!Andromeda	Andromeda.NiceInventoryTab	https://steamcommunity.com/sharedfiles/filedetails/?id=3609897594	2026-09-07
3685058533	Nice Plants Menu	Data/!Andromeda	Andromeda.NicePlantsMenu	https://steamcommunity.com/sharedfiles/filedetails/?id=3685058533	2026-09-07
3773496046	Nice Research Tab	Data/!Andromeda	Andromeda.NiceResearchTab	https://steamcommunity.com/sharedfiles/filedetails/?id=3773496046	2026-09-08
3352895704	Amplified Mobility Platform	Data/!AobaKuma	Aoba.Exosuit.AMP	https://steamcommunity.com/sharedfiles/filedetails/?id=3352895704	2026-09-08
3352894993	Exosuit Framework	Data/!AobaKuma	Aoba.Exosuit.Framework	https://steamcommunity.com/sharedfiles/filedetails/?id=3352894993	2026-09-12
3551887989	Independent Trash bin	Data/!AobaKuma	Aoba.Trashbin	https://steamcommunity.com/sharedfiles/filedetails/?id=3551887989	2026-09-07
3555609932	P–5000 Powered Work Loader	Data/!AobaKuma	Aoba.Exosuit.PowerLoader	https://steamcommunity.com/sharedfiles/filedetails/?id=3555609932	2026-09-07
3121742525	The Dead Man's Switch	Data/!AobaKuma	Aoba.DeadManSwitch.Core	https://steamcommunity.com/sharedfiles/filedetails/?id=3121742525	2026-09-12
3469398006	The Dead Man's Switch - AncientCorps	Data/!AobaKuma	Aoba.DeadManSwitch.AncientCorps	https://steamcommunity.com/sharedfiles/filedetails/?id=3469398006	2026-09-08
3377130226	The Dead Man's Switch - MobileDragoon	Data/!AobaKuma	Aoba.DeadManSwitch.MobileDragoon	https://steamcommunity.com/sharedfiles/filedetails/?id=3377130226	2026-09-12
3374615241	The Dead Man's Switch - Synthetic	Data/!AobaKuma	Aoba.DeadManSwitch.Synthetic	https://steamcommunity.com/sharedfiles/filedetails/?id=3374615241	2026-09-07
3538728067	Impact Weaponry - Reloaded	Data/!DetVisor	detvisor.impactweaponryreloaded	https://steamcommunity.com/sharedfiles/filedetails/?id=3538728067	2026-09-08
3247891820	Spacer Arsenal	Data/!DetVisor	det.spacerarsenal	https://steamcommunity.com/sharedfiles/filedetails/?id=3247891820	2026-09-12
3273371966	Vanilla Arsenal	Data/!DetVisor	det.vanillaarsenal	https://steamcommunity.com/sharedfiles/filedetails/?id=3273371966	2026-09-07
3551721422	Volt Weaponry	Data/!DetVisor	det.voltweaponry	https://steamcommunity.com/sharedfiles/filedetails/?id=3551721422	2026-09-07
3563882422	Better Architect Menu	Data/!ferny	ferny.BetterArchitect	https://steamcommunity.com/sharedfiles/filedetails/?id=3563882422	2026-09-12
3590863552	Progression: Education	Data/!ferny	ferny.ProgressionEducation	https://steamcommunity.com/sharedfiles/filedetails/?id=3590863552	2026-09-12
3522893553	Progression: Gravship	Data/!ferny	ferny.ProgressionGravship	https://steamcommunity.com/sharedfiles/filedetails/?id=3522893553	2026-09-07
3783411735	Progression: Hives	Data/!ferny	ferny.progressionhives	https://steamcommunity.com/sharedfiles/filedetails/?id=3783411735	2026-09-12
3736402055	Progression: Robotics	Data/!ferny	ferny.progressionrobotics2	https://steamcommunity.com/sharedfiles/filedetails/?id=3736402055	2026-09-12
3378384387	Progression: Scenarios	Data/!ferny	ferny.ProgressionScenarios	https://steamcommunity.com/sharedfiles/filedetails/?id=3378384387	2026-09-12
2196278117	Altered Carbon 2: ReSleeved	Data/!Helixien	hlx.UltratechAlteredCarbon	https://steamcommunity.com/sharedfiles/filedetails/?id=2196278117	2026-09-12
3262718980	ReBuild: Doors and Corners	Data/!Helixien	ReBuild.COTR.DoorsAndCorners	https://steamcommunity.com/sharedfiles/filedetails/?id=3262718980	2026-09-12
2260097569	ReGrowth 2	Data/!Helixien	ReGrowth.BOTR.Core	https://steamcommunity.com/sharedfiles/filedetails/?id=2260097569	2026-09-08
3236303965	ReSplice: Core	Data/!Helixien	ReSplice.XOTR.Core	https://steamcommunity.com/sharedfiles/filedetails/?id=3236303965	2026-09-08
2288125657	Vanilla Achievements Expanded	Data/!Oskar Potocki	vanillaexpanded.achievements	https://steamcommunity.com/sharedfiles/filedetails/?id=2288125657	2026-09-12
2366589898	Vanilla Animals Expanded — Endangered	Data/!Oskar Potocki	VanillaExpanded.VAEEndAndExt	https://steamcommunity.com/sharedfiles/filedetails/?id=2366589898	2026-09-07
2858079457	Vanilla Animals Expanded — Royal Animals	Data/!Oskar Potocki	VanillaExpanded.VAERoy	https://steamcommunity.com/sharedfiles/filedetails/?id=2858079457	2026-09-07
2962126499	Vanilla Animals Expanded — Waste Animals	Data/!Oskar Potocki	VanillaExpanded.VAEWaste	https://steamcommunity.com/sharedfiles/filedetails/?id=2962126499	2026-09-12
3342412435	Vanilla Anomaly Expanded - Insanity	Data/!Oskar Potocki	VanillaExpanded.VAnomalyEInsanity	https://steamcommunity.com/sharedfiles/filedetails/?id=3342412435	2026-09-07
2521176396	Vanilla Apparel Expanded — Accessories	Data/!Oskar Potocki	VanillaExpanded.VAEAccessories	https://steamcommunity.com/sharedfiles/filedetails/?id=2521176396	2026-09-07
1814988282	Vanilla Armour Expanded	Data/!Oskar Potocki	VanillaExpanded.VARME	https://steamcommunity.com/sharedfiles/filedetails/?id=1814988282	2026-09-12
3268401022	Vanilla Aspirations Expanded	Data/!Oskar Potocki	VanillaExpanded.VanillaAspirationsExpanded	https://steamcommunity.com/sharedfiles/filedetails/?id=3268401022	2026-09-07
2861806869	Vanilla Backstories Expanded	Data/!Oskar Potocki	VanillaExpanded.VanillaBackstoriesExpanded	https://steamcommunity.com/sharedfiles/filedetails/?id=2861806869	2026-09-07
2792917473	Vanilla Chemfuel Expanded	Data/!Oskar Potocki	VanillaExpanded.VChemfuelE	https://steamcommunity.com/sharedfiles/filedetails/?id=2792917473	2026-09-12
3380695249	Vanilla Christmas Expanded	Data/!Oskar Potocki	VE.VanillaChristmasExpanded	https://steamcommunity.com/sharedfiles/filedetails/?id=3380695249	2026-09-12
2134308519	Vanilla Cooking Expanded	Data/!Oskar Potocki	VanillaExpanded.VCookE	https://steamcommunity.com/sharedfiles/filedetails/?id=2134308519	2026-09-12
1938420742	Vanilla Events Expanded	Data/!Oskar Potocki	VanillaExpanded.VEE	https://steamcommunity.com/sharedfiles/filedetails/?id=1938420742	2026-09-12
2023507013	Vanilla Expanded Framework	Data/!Oskar Potocki	OskarPotocki.VanillaFactionsExpanded.Core	https://steamcommunity.com/sharedfiles/filedetails/?id=2023507013	2026-09-12
3025493377	Vanilla Factions Expanded - Deserters	Data/!Oskar Potocki	OskarPotocki.VFE.Deserters	https://steamcommunity.com/sharedfiles/filedetails/?id=3025493377	2026-09-12
2938820380	Vanilla Factions Expanded - Empire	Data/!Oskar Potocki	OskarPotocki.VFE.Empire	https://steamcommunity.com/sharedfiles/filedetails/?id=2938820380	2026-09-08
3309003431	Vanilla Factions Expanded - Insectoids 2	Data/!Oskar Potocki	OskarPotocki.VFE.Insectoid2	https://steamcommunity.com/sharedfiles/filedetails/?id=3309003431	2026-09-12
2723801948	Vanilla Factions Expanded - Pirates	Data/!Oskar Potocki	OskarPotocki.VFE.Pirates	https://steamcommunity.com/sharedfiles/filedetails/?id=2723801948	2026-09-12
1914064942	Vanilla Fishing Expanded	Data/!Oskar Potocki	VanillaExpanded.VCEF	https://steamcommunity.com/sharedfiles/filedetails/?id=1914064942	2026-09-08
1718190143	Vanilla Furniture Expanded	Data/!Oskar Potocki	VanillaExpanded.VFECore	https://steamcommunity.com/sharedfiles/filedetails/?id=1718190143	2026-09-12
2608762624	Vanilla Furniture Expanded - Architect	Data/!Oskar Potocki	VanillaExpanded.VFEArchitect	https://steamcommunity.com/sharedfiles/filedetails/?id=2608762624	2026-09-08
1968134023	Vanilla Furniture Expanded - Art	Data/!Oskar Potocki	VanillaExpanded.VFEArt	https://steamcommunity.com/sharedfiles/filedetails/?id=1968134023	2026-09-08
3686924415	Vanilla Furniture Expanded - Factory	Data/!Oskar Potocki	VanillaExpanded.VFEFactory	https://steamcommunity.com/sharedfiles/filedetails/?id=3686924415	2026-09-08
1957158779	Vanilla Furniture Expanded - Farming	Data/!Oskar Potocki	VanillaExpanded.VFEFarming	https://steamcommunity.com/sharedfiles/filedetails/?id=1957158779	2026-09-08
1718191613	Vanilla Furniture Expanded - Medical Module	Data/!Oskar Potocki	VanillaExpanded.VFEMedical	https://steamcommunity.com/sharedfiles/filedetails/?id=1718191613	2026-09-07
2062943477	Vanilla Furniture Expanded - Power	Data/!Oskar Potocki	VanillaExpanded.VFEPower	https://steamcommunity.com/sharedfiles/filedetails/?id=2062943477	2026-09-08
1880253632	Vanilla Furniture Expanded - Production	Data/!Oskar Potocki	VanillaExpanded.VFEProduction	https://steamcommunity.com/sharedfiles/filedetails/?id=1880253632	2026-09-08
2102143149	Vanilla Furniture Expanded - Props and Decor	Data/!Oskar Potocki	VanillaExpanded.VFEPropsandDecor	https://steamcommunity.com/sharedfiles/filedetails/?id=2102143149	2026-09-12
1845154007	Vanilla Furniture Expanded - Security	Data/!Oskar Potocki	VanillaExpanded.VFESecurity	https://steamcommunity.com/sharedfiles/filedetails/?id=1845154007	2026-09-12
2028381079	Vanilla Furniture Expanded - Spacer Module	Data/!Oskar Potocki	VanillaExpanded.VFESpacer	https://steamcommunity.com/sharedfiles/filedetails/?id=2028381079	2026-09-08
3609835606	Vanilla Gravship Expanded - Chapter 1	Data/!Oskar Potocki	vanillaexpanded.gravship	https://steamcommunity.com/sharedfiles/filedetails/?id=3609835606	2026-09-12
3799737423	Vanilla Gravship Expanded - Chapter 2	Data/!Oskar Potocki	vanillaexpanded.gravship2	https://steamcommunity.com/sharedfiles/filedetails/?id=3799737423	2026-09-12
2877699803	Vanilla Helixien Gas Expanded	Data/!Oskar Potocki	VanillaExpanded.HelixienGas	https://steamcommunity.com/sharedfiles/filedetails/?id=2877699803	2026-09-08
2720631512	Vanilla Ideology Expanded - Dryads	Data/!Oskar Potocki	VanillaExpanded.Ideo.Dryads	https://steamcommunity.com/sharedfiles/filedetails/?id=2720631512	2026-09-08
2636329500	Vanilla Ideology Expanded - Memes and Structures	Data/!Oskar Potocki	VanillaExpanded.VMemesE	https://steamcommunity.com/sharedfiles/filedetails/?id=2636329500	2026-09-12
3656316229	Vanilla Landmarks Expanded	Data/!Oskar Potocki	VanillaExpanded.VExplorationE	https://steamcommunity.com/sharedfiles/filedetails/?id=3656316229	2026-09-08
2920385763	Vanilla Nutrient Paste Expanded	Data/!Oskar Potocki	VanillaExpanded.VNutrientE	https://steamcommunity.com/sharedfiles/filedetails/?id=2920385763	2026-09-08
2826922787	Vanilla Persona Weapons Expanded	Data/!Oskar Potocki	VanillaExpanded.VPersonaWeaponsE	https://steamcommunity.com/sharedfiles/filedetails/?id=2826922787	2026-09-08
3748351639	Vanilla Plants Expanded - Flowers	Data/!Oskar Potocki	VanillaExpanded.VPEFlowers	https://steamcommunity.com/sharedfiles/filedetails/?id=3748351639	2026-09-08
2990596478	Vanilla Psycasts Expanded - Hemosage	Data/!Oskar Potocki	VanillaExpanded.VPE.Hemosage	https://steamcommunity.com/sharedfiles/filedetails/?id=2990596478	2026-09-07
3033779606	Vanilla Psycasts Expanded - Puppeteer	Data/!Oskar Potocki	VanillaExpanded.VPE.Puppeteer	https://steamcommunity.com/sharedfiles/filedetails/?id=3033779606	2026-09-07
3618306875	Vanilla Quests Expanded - Ancients	Data/!Oskar Potocki	vanillaquestsexpanded.ancients	https://steamcommunity.com/sharedfiles/filedetails/?id=3618306875	2026-09-08
3461526070	Vanilla Quests Expanded - Cryptoforge	Data/!Oskar Potocki	vanillaquestsexpanded.cryptoforge	https://steamcommunity.com/sharedfiles/filedetails/?id=3461526070	2026-09-08
3497226454	Vanilla Quests Expanded - Deadlife	Data/!Oskar Potocki	vanillaquestsexpanded.deadlife	https://steamcommunity.com/sharedfiles/filedetails/?id=3497226454	2026-09-08
3733951755	Vanilla Quests Expanded - Drone Factory	Data/!Oskar Potocki	vanillaquestsexpanded.dronefactory	https://steamcommunity.com/sharedfiles/filedetails/?id=3733951755	2026-09-08
3411401573	Vanilla Quests Expanded - The Generator	Data/!Oskar Potocki	vanillaquestsexpanded.generator	https://steamcommunity.com/sharedfiles/filedetails/?id=3411401573	2026-09-12
2975771801	Vanilla Races Expanded - Android	Data/!Oskar Potocki	vanillaracesexpanded.android	https://steamcommunity.com/sharedfiles/filedetails/?id=2975771801	2026-09-08
3067715093	Vanilla Races Expanded - Archon	Data/!Oskar Potocki	vanillaracesexpanded.archon	https://steamcommunity.com/sharedfiles/filedetails/?id=3067715093	2026-09-08
3042690053	Vanilla Races Expanded - Fungoid	Data/!Oskar Potocki	vanillaracesexpanded.fungoid	https://steamcommunity.com/sharedfiles/filedetails/?id=3042690053	2026-09-07
2901424072	Vanilla Races Expanded - Genie	Data/!Oskar Potocki	vanillaracesexpanded.genie	https://steamcommunity.com/sharedfiles/filedetails/?id=2901424072	2026-09-07
2995385834	Vanilla Races Expanded - Highmate	Data/!Oskar Potocki	vanillaracesexpanded.highmate	https://steamcommunity.com/sharedfiles/filedetails/?id=2995385834	2026-09-12
2893586390	Vanilla Races Expanded - Hussar	Data/!Oskar Potocki	vanillaracesexpanded.hussar	https://steamcommunity.com/sharedfiles/filedetails/?id=2893586390	2026-09-12
3260509684	Vanilla Races Expanded - Insector	Data/!Oskar Potocki	vanillaracesexpanded.insector	https://steamcommunity.com/sharedfiles/filedetails/?id=3260509684	2026-09-08
3114453100	Vanilla Races Expanded - Lycanthrope	Data/!Oskar Potocki	vanillaracesexpanded.lycanthrope	https://steamcommunity.com/sharedfiles/filedetails/?id=3114453100	2026-09-07
2927323805	Vanilla Races Expanded - Phytokin	Data/!Oskar Potocki	vanillaracesexpanded.phytokin	https://steamcommunity.com/sharedfiles/filedetails/?id=2927323805	2026-09-12
3164798809	Vanilla Races Expanded - Pigskin	Data/!Oskar Potocki	vanillaracesexpanded.pigskin	https://steamcommunity.com/sharedfiles/filedetails/?id=3164798809	2026-09-07
2963116383	Vanilla Races Expanded - Sanguophage	Data/!Oskar Potocki	vanillaracesexpanded.sanguophage	https://steamcommunity.com/sharedfiles/filedetails/?id=2963116383	2026-09-07
2880990495	Vanilla Races Expanded - Saurid	Data/!Oskar Potocki	vanillaracesexpanded.saurid	https://steamcommunity.com/sharedfiles/filedetails/?id=2880990495	2026-09-08
3531912428	Vanilla Races Expanded - Starjack	Data/!Oskar Potocki	vanillaracesexpanded.starjack	https://steamcommunity.com/sharedfiles/filedetails/?id=3531912428	2026-09-07
2983471725	Vanilla Races Expanded - Waster	Data/!Oskar Potocki	vanillaracesexpanded.waster	https://steamcommunity.com/sharedfiles/filedetails/?id=2983471725	2026-09-08
3155781848	Vanilla Recycling Expanded	Data/!Oskar Potocki	VanillaExpanded.Recycling	https://steamcommunity.com/sharedfiles/filedetails/?id=3155781848	2026-09-08
2439736083	Vanilla Social Interactions Expanded	Data/!Oskar Potocki	VanillaExpanded.VanillaSocialInteractionsExpanded	https://steamcommunity.com/sharedfiles/filedetails/?id=2439736083	2026-09-12
3215569151	Vanilla Storytellers Expanded - Winston Waves	Data/!Oskar Potocki	VanillaStorytellersExpanded.WinstonWave	https://steamcommunity.com/sharedfiles/filedetails/?id=3215569151	2026-09-12
3202046258	Vanilla Temperature Expanded	Data/!Oskar Potocki	VanillaExpanded.Temperature	https://steamcommunity.com/sharedfiles/filedetails/?id=3202046258	2026-09-08
2785616901	Vanilla Trading Expanded	Data/!Oskar Potocki	VanillaExpanded.VanillaTradingExpanded	https://steamcommunity.com/sharedfiles/filedetails/?id=2785616901	2026-09-07
2296404655	Vanilla Traits Expanded	Data/!Oskar Potocki	VanillaExpanded.VanillaTraitsExpanded	https://steamcommunity.com/sharedfiles/filedetails/?id=2296404655	2026-09-08
1814383360	Vanilla Weapons Expanded	Data/!Oskar Potocki	VanillaExpanded.VWE	https://steamcommunity.com/sharedfiles/filedetails/?id=1814383360	2026-09-12
3287469135	Vanilla Weapons Expanded - Bioferrite	Data/!Oskar Potocki	VanillaExpanded.VWEBF	https://steamcommunity.com/sharedfiles/filedetails/?id=3287469135	2026-09-07
2375692535	Vanilla Weapons Expanded - Coilguns	Data/!Oskar Potocki	VanillaExpanded.VWEC	https://steamcommunity.com/sharedfiles/filedetails/?id=2375692535	2026-09-08
2329126791	Vanilla Weapons Expanded - Heavy Weapons	Data/!Oskar Potocki	VanillaExpanded.VWEHW	https://steamcommunity.com/sharedfiles/filedetails/?id=2329126791	2026-09-07
1989352844	Vanilla Weapons Expanded - Laser	Data/!Oskar Potocki	VanillaExpanded.VWEL	https://steamcommunity.com/sharedfiles/filedetails/?id=1989352844	2026-09-08
2419690698	Vanilla Weapons Expanded - Makeshift	Data/!Oskar Potocki	VanillaExpanded.VWEMS	https://steamcommunity.com/sharedfiles/filedetails/?id=2419690698	2026-09-08
2454918354	Vanilla Weapons Expanded - Non-Lethal	Data/!Oskar Potocki	VanillaExpanded.VWENL	https://steamcommunity.com/sharedfiles/filedetails/?id=2454918354	2026-09-08
1906780517	Vanilla Weapons Expanded - Quickdraw	Data/!Oskar Potocki	VanillaExpanded.VWEQ	https://steamcommunity.com/sharedfiles/filedetails/?id=1906780517	2026-09-08
3622294464	Alpha Armoury	Data/!Sarg Bjornson	sarg.alphaarmoury	https://steamcommunity.com/sharedfiles/filedetails/?id=3622294464	2026-09-08
3403180654	Alpha Books	Data/!Sarg Bjornson	sarg.alphabooks	https://steamcommunity.com/sharedfiles/filedetails/?id=3403180654	2026-09-08
2973169158	Alpha Mechs	Data/!Sarg Bjornson	sarg.alphamechs	https://steamcommunity.com/sharedfiles/filedetails/?id=2973169158	2026-09-12
3642631969	Alpha Random	Data/!Sarg Bjornson	sarg.alpharandom	https://steamcommunity.com/sharedfiles/filedetails/?id=3642631969	2026-09-07
3448953006	Alpha Skills	Data/!Sarg Bjornson	sarg.alphaskills	https://steamcommunity.com/sharedfiles/filedetails/?id=3448953006	2026-09-10
2871933948	Vanilla Animals Expanded	Data/!Sarg Bjornson	VanillaExpanded.VanillaAnimalsExpanded	https://steamcommunity.com/sharedfiles/filedetails/?id=2871933948	2026-09-12
3334272487	Vanilla Food Variety Expanded	Data/!Sarg Bjornson	VanillaExpanded.VanillaFoodVarietyExpanded	https://steamcommunity.com/sharedfiles/filedetails/?id=3334272487	2026-09-07
3789304104	[sbz] Bookcase	Data/!seobongzu	sbz.Bookcase	https://steamcommunity.com/sharedfiles/filedetails/?id=3789304104	2026-09-07
3486264784	[sbz] Fridge	Data/!seobongzu	sbz.NeatStorageFridge	https://steamcommunity.com/sharedfiles/filedetails/?id=3486264784	2026-09-07
3537905298	[sbz] Gravship Storage	Data/!seobongzu	sbz.GravshipStorage	https://steamcommunity.com/sharedfiles/filedetails/?id=3537905298	2026-09-08
3416243474	[sbz] Neat Storage	Data/!seobongzu	sbz.NeatStorage	https://steamcommunity.com/sharedfiles/filedetails/?id=3416243474	2026-09-07
3451325196	Laser Weapons: Re-Examined	Data/!Smxrez	Smxrez.LaserReexamined	https://steamcommunity.com/sharedfiles/filedetails/?id=3451325196	2026-09-08
3455187943	Makeshift: Re-Examined	Data/!Smxrez	Smxrez.makeshiftreexamined	https://steamcommunity.com/sharedfiles/filedetails/?id=3455187943	2026-09-07
3455926746	Non-Lethal: Re-Examined	Data/!Smxrez	Smxrez.nonlethalreexamined	https://steamcommunity.com/sharedfiles/filedetails/?id=3455926746	2026-09-08
3521089734	Permits: Re-Examined	Data/!Smxrez	Smxrez.permitsreexamined	https://steamcommunity.com/sharedfiles/filedetails/?id=3521089734	2026-09-12
3590186274	Power: Re-Examined	Data/!Smxrez	Smxrez.PowerReexamined	https://steamcommunity.com/sharedfiles/filedetails/?id=3590186274	2026-09-07
3453919173	Security: Re-Examined	Data/!Smxrez	Smxrez.securityreexamined	https://steamcommunity.com/sharedfiles/filedetails/?id=3453919173	2026-09-07
3530804388	Simple Additions: Mech Clusters	Data/!Smxrez	Smxrez.mechclusterexpanded	https://steamcommunity.com/sharedfiles/filedetails/?id=3530804388	2026-09-08
3656792230	Simple Additions: Starfire Boss	Data/!Smxrez	Smxrez.SAStarfireboss	https://steamcommunity.com/sharedfiles/filedetails/?id=3656792230	2026-09-07
3221550806	Ushankas Biological Warfare	Data/!Ushanka	Ushanka.BiologicalWarfare	https://steamcommunity.com/sharedfiles/filedetails/?id=3221550806	2026-09-08
3522676478	Ushankas Glittertech Expansion	Data/!Ushanka	Ushanka.GlittertechExpansion	https://steamcommunity.com/sharedfiles/filedetails/?id=3522676478	2026-09-12
3573344880	Ushankas Hacking Expansion	Data/!Ushanka	Ushanka.HackingExpansion	https://steamcommunity.com/sharedfiles/filedetails/?id=3573344880	2026-09-10
3227008885	Ushankas Luciferium Expansion	Data/!Ushanka	Ushanka.LuciferiumExpansion	https://steamcommunity.com/sharedfiles/filedetails/?id=3227008885	2026-09-08
3531035748	Ushankas Necroa Archovirus	Data/!Ushanka	Ushanka.NecroaArchovirus	https://steamcommunity.com/sharedfiles/filedetails/?id=3531035748	2026-09-07
3578731212	[DR] Auto Ability	Data	mjcg.AutoAbility	https://steamcommunity.com/sharedfiles/filedetails/?id=3578731212	2026-09-08
2006925330	[FSF] Advanced Bionics Expansion	Data	FrozenSnowFox.AdvancedBionicsExpansion	https://steamcommunity.com/sharedfiles/filedetails/?id=2006925330	2026-09-12
2893432492	[FSF] FrozenSnowFox Tweaks	Data	FrozenSnowFox.FrozenSnowFoxTweaks	https://steamcommunity.com/sharedfiles/filedetails/?id=2893432492	2026-09-12
2763411067	[HRK] Vanilla Expanded Extra Embrasures	Data	Harkon.VEAddOn.VanillaExpandedExtraEmbrasures	https://steamcommunity.com/sharedfiles/filedetails/?id=2763411067	2026-09-08
2885223720	[RH2] Uncle Boris' - Brainwash Chair	Data	CP.Uncle.Boris.Brainwash.Chair	https://steamcommunity.com/sharedfiles/filedetails/?id=2885223720	2026-09-07
3661802609	[UI-Overhaul] PrettyUI	Data	guezzy.modernui	https://steamcommunity.com/sharedfiles/filedetails/?id=3661802609	2026-09-07
1201382956	A RimWorld of Magic	Data	Torann.ARimworldOfMagic	https://steamcommunity.com/sharedfiles/filedetails/?id=1201382956	2026-09-11
730936602	Achtung!	Data	brrainz.achtung	https://steamcommunity.com/sharedfiles/filedetails/?id=730936602	2026-09-08
3033901359	Adaptive Storage Framework	Data	adaptive.storage.framework	https://steamcommunity.com/sharedfiles/filedetails/?id=3033901359	2026-09-07
2880970348	Advanced Moisture Pump (Continued)	Data	CiXwOw.advancedmoisturepump	https://steamcommunity.com/sharedfiles/filedetails/?id=2880970348	2026-09-07
3075384838	Ancient hydroponic farm facilities	Data	XMB.AncientHydroponicFarmFacilities.MO	https://steamcommunity.com/sharedfiles/filedetails/?id=3075384838	2026-09-12
2879835262	Anima Bionics - Forked	Data	Seti.Victor.AnimaBodies	https://steamcommunity.com/sharedfiles/filedetails/?id=2879835262	2026-09-08
3545349562	Anima Gear - Continued	Data	xrushha.NOTDemo.AnimaGear	https://steamcommunity.com/sharedfiles/filedetails/?id=3545349562	2026-09-07
3652630316	Animal Traits System	Data	luved.animaltraits	https://steamcommunity.com/sharedfiles/filedetails/?id=3652630316	2026-09-07
3653089503	Animal Traits System - Nihilist Penguin	Data	Luved.AnimalTraits.Nihilist	https://steamcommunity.com/sharedfiles/filedetails/?id=3653089503	2026-09-07
1098354593	Animals Logic	Data	Oblitus.AnimalsLogic	https://steamcommunity.com/sharedfiles/filedetails/?id=1098354593	2026-09-07
3558784993	Anomaly for Gravship	Data	als.anomalygravship	https://steamcommunity.com/sharedfiles/filedetails/?id=3558784993	2026-09-08
2902258418	Anthrosonae	Data	ATK.Anthrosonae	https://steamcommunity.com/sharedfiles/filedetails/?id=2902258418	2026-09-07
3792325789	Apex Mechanoids	Data	Mortis.ApexMechanoids	https://steamcommunity.com/sharedfiles/filedetails/?id=3792325789	2026-09-12
2869098359	Appliances Expanded	Data	scpchemfuel.appliances	https://steamcommunity.com/sharedfiles/filedetails/?id=2869098359	2026-09-07
3575912544	Aquatic Repopulation	Data	Bart.WBE	https://steamcommunity.com/sharedfiles/filedetails/?id=3575912544	2026-09-07
3527371016	Asteroid Grounds	Data	RashoMcree.Odyssey.AsteroidGrounds	https://steamcommunity.com/sharedfiles/filedetails/?id=3527371016	2026-09-08
3528490718	Automatic Hydroponics	Data	Poncho.AutomaticHydroponics	https://steamcommunity.com/sharedfiles/filedetails/?id=3528490718	2026-09-08
3536424131	Automatic Hydroponics Expanded	Data	AutomaticHydroponics.Expanded	https://steamcommunity.com/sharedfiles/filedetails/?id=3536424131	2026-09-08
3199585285	Better autocasting for Vanilla Psycasts Expanded	Data	dev.tobot.vpe.betterautocast	https://steamcommunity.com/sharedfiles/filedetails/?id=3199585285	2026-09-08
2269379503	Better Transhumanists	Data	co.uk.epicguru.bettertranshumanists	https://steamcommunity.com/sharedfiles/filedetails/?id=2269379503	2026-09-07
3559292908	Bulk Load For Transporters	Data	Ilarion.BulkLoadForTransporters	https://steamcommunity.com/sharedfiles/filedetails/?id=3559292908	2026-09-07
3643170015	Butter++	Data	olli.butterplusplus	https://steamcommunity.com/sharedfiles/filedetails/?id=3643170015	2026-09-07
3642349335	Carryalls | Intercontinental Transport (Continued)	Data	Mlie.CarryallsIntercontinentalTransport	https://steamcommunity.com/sharedfiles/filedetails/?id=3642349335	2026-09-07
3552813398	Cat's Boots and Gloves	Data	CatLover366.BootsAndGloves	https://steamcommunity.com/sharedfiles/filedetails/?id=3552813398	2026-09-07
1561769193	Common Sense	Data	avilmask.CommonSense	https://steamcommunity.com/sharedfiles/filedetails/?id=1561769193	2026-09-07
2031734067	Compact Hediffs	Data	PeteTimesSix.CompactHediffs	https://steamcommunity.com/sharedfiles/filedetails/?id=2031734067	2026-09-07
3546612303	Complementary Odyssey	Data	MrHydralisk.ComplementaryOdyssey	https://steamcommunity.com/sharedfiles/filedetails/?id=3546612303	2026-09-10
3560528949	Custom Weapons Expanded	Data	Feliperathal.CustomizeWeaponExpanded	https://steamcommunity.com/sharedfiles/filedetails/?id=3560528949	2026-09-12
3550585103	Customize Weapon	Data	Vortex.CustomizeWeapon	https://steamcommunity.com/sharedfiles/filedetails/?id=3550585103	2026-09-07
2045496988	Days Matter (fork)	Data	WiseClock.AC.DaysMatter	https://steamcommunity.com/sharedfiles/filedetails/?id=2045496988	2026-09-07
3587277884	Dlc collaboration - Void universe	Data	HaiLuan.VoidUniverse	https://steamcommunity.com/sharedfiles/filedetails/?id=3587277884	2026-09-10
1662119905	Dubs Mint Minimap	Data	dubwise.dubsmintminimap	https://steamcommunity.com/sharedfiles/filedetails/?id=1662119905	2026-09-07
735106432	EdB Prepare Carefully	Data	EdB.PrepareCarefully	https://steamcommunity.com/sharedfiles/filedetails/?id=735106432	2026-09-07
1665403571	Elite Bionics Framework	Data	V1024.EBFramework	https://steamcommunity.com/sharedfiles/filedetails/?id=1665403571	2026-09-07
3551263267	Enhanced Vat Learning	Data	ninagoblin.enhancedvatlearning	https://steamcommunity.com/sharedfiles/filedetails/?id=3551263267	2026-09-07
3653150966	Erin's Auraeyl	Data	Erin.Auraeyl	https://steamcommunity.com/sharedfiles/filedetails/?id=3653150966	2026-09-08
2908837535	Erin's Auronya	Data	Erin.AuronyaBiotech	https://steamcommunity.com/sharedfiles/filedetails/?id=2908837535	2026-09-11
3648390934	EvolvedOrgansRedux	Data	StatistNo1.EvolvedOrgansRedux	https://steamcommunity.com/sharedfiles/filedetails/?id=3648390934	2026-09-12
2864470385	Extinguish Refuelables	Data	malistaticy.mer	https://steamcommunity.com/sharedfiles/filedetails/?id=2864470385	2026-09-07
3026452122	Extract translation	Data	HaiLuan.Translate	https://steamcommunity.com/sharedfiles/filedetails/?id=3026452122	2026-09-07
3626725895	Faction Territories and Vassalage	Data	jaeger972.factionterritories	https://steamcommunity.com/sharedfiles/filedetails/?id=3626725895	2026-09-08
3538928291	Floor-Mounted Aquarium	Data	Floor.Mounted.Aquarium	https://steamcommunity.com/sharedfiles/filedetails/?id=3538928291	2026-09-08
3498575851	Fortified Features Framework	Data	AOBA.Framework	https://steamcommunity.com/sharedfiles/filedetails/?id=3498575851	2026-09-12
3352773112	Gene Fabrication	Data	AmCh.Eragon.HCGeneFabrication	https://steamcommunity.com/sharedfiles/filedetails/?id=3352773112	2026-09-10
2773943594	Geological Landforms	Data	m00nl1ght.GeologicalLandforms	https://steamcommunity.com/sharedfiles/filedetails/?id=2773943594	2026-09-08
1678847247	Graphics Settings+	Data	Telefonmast.GraphicsSettings	https://steamcommunity.com/sharedfiles/filedetails/?id=1678847247	2026-09-07
3662641911	GratefulRefugees	Data	cocoapebbles.gratefulrefugees	https://steamcommunity.com/sharedfiles/filedetails/?id=3662641911	2026-09-07
3530404957	Gravship Launch Info	Data	epicduck.rimworld.gravshipinfo	https://steamcommunity.com/sharedfiles/filedetails/?id=3530404957	2026-09-07
3545374124	GravTech	Data	als.gravtech	https://steamcommunity.com/sharedfiles/filedetails/?id=3545374124	2026-09-10
3628174105	GravTech - Big cannons	Data	als.gravtech.bc	https://steamcommunity.com/sharedfiles/filedetails/?id=3628174105	2026-09-10
1204502413	Harvest Organs Post Mortem Continued	Data	Smuffle.HarvestOrgansPostMortem	https://steamcommunity.com/sharedfiles/filedetails/?id=1204502413	2026-09-08
2992224079	Hospital	Data	Adamas.Hospital	https://steamcommunity.com/sharedfiles/filedetails/?id=2992224079	2026-09-07
3509486825	Hospitality (Continued)	Data	Orion.Hospitality	https://steamcommunity.com/sharedfiles/filedetails/?id=3509486825	2026-09-07
3543791340	Hull Style: NANAME Walls	Data	OELS.NanameWalls	https://steamcommunity.com/sharedfiles/filedetails/?id=3543791340	2026-09-11
3151089982	Hussar Weapon Aptitude Remake	Data	cedaro.hwar	https://steamcommunity.com/sharedfiles/filedetails/?id=3151089982	2026-09-08
3541847288	Hyper Roll	Data	AW.HyperRoll	https://steamcommunity.com/sharedfiles/filedetails/?id=3541847288	2026-09-07
3223443793	Integrated Implants	Data	lts.I	https://steamcommunity.com/sharedfiles/filedetails/?id=3223443793	2026-09-08
3489491945	Lactation Expansion	Data	Euterpe.MilkyTitfuck	https://steamcommunity.com/sharedfiles/filedetails/?id=3489491945	2026-09-12
1701592470	Level Up!	Data	Krafs.LevelUp	https://steamcommunity.com/sharedfiles/filedetails/?id=1701592470	2026-09-07
3535481557	Loading Progress	Data	ilyvion.LoadingProgress	https://steamcommunity.com/sharedfiles/filedetails/?id=3535481557	2026-09-08
2885430743	Logistics Mechanoid	Data	Pal5k.LogisticsMechanoid	https://steamcommunity.com/sharedfiles/filedetails/?id=2885430743	2026-09-12
3683998684	Manipulator Beam Emitter	Data	natsuki.manipulatorbeam	https://steamcommunity.com/sharedfiles/filedetails/?id=3683998684	2026-09-12
3296654393	Map Mode Framework	Data	NozoMe.MapModeFramework	https://steamcommunity.com/sharedfiles/filedetails/?id=3296654393	2026-09-07
2800857642	Map Preview	Data	m00nl1ght.MapPreview	https://steamcommunity.com/sharedfiles/filedetails/?id=2800857642	2026-09-07
3332603923	Mech Charger Booster	Data	AzzyH.MechChargerBooster	https://steamcommunity.com/sharedfiles/filedetails/?id=3332603923	2026-09-10
3018109662	Mechanite Diseases	Data	lts.MSMD	https://steamcommunity.com/sharedfiles/filedetails/?id=3018109662	2026-09-07
3523146525	Mechanitor Orbital Platform	Data	zoarak.mechplat	https://steamcommunity.com/sharedfiles/filedetails/?id=3523146525	2026-09-12
3365118555	Mechanoid Upgrades	Data	GoGaTio.MechanoidUpgrades	https://steamcommunity.com/sharedfiles/filedetails/?id=3365118555	2026-09-11
3375627095	Mechanoid Upgrades - Anomaly	Data	GoGaTio.MechanoidUpgrades.Anomaly	https://steamcommunity.com/sharedfiles/filedetails/?id=3375627095	2026-09-07
3396928183	Mechanoid Upgrades - Archotech	Data	GoGaTio.MechanoidUpgrades.Archotech	https://steamcommunity.com/sharedfiles/filedetails/?id=3396928183	2026-09-08
1055485938	Megafauna	Data	Spino.Megafauna	https://steamcommunity.com/sharedfiles/filedetails/?id=1055485938	2026-09-07
2944488802	Melee Animation	Data	co.uk.epicguru.meleeanimation	https://steamcommunity.com/sharedfiles/filedetails/?id=2944488802	2026-09-08
3226161877	MendAndRecycle	Data	dd.unofficial.notfood.MendAndRecycle	https://steamcommunity.com/sharedfiles/filedetails/?id=3226161877	2026-09-07
3223107890	Metalhorror Scanner	Data	Mo.MHScanner	https://steamcommunity.com/sharedfiles/filedetails/?id=3223107890	2026-09-07
3237083444	More Than Capable (1.6-b)	Data	void.MoreThanCapable	https://steamcommunity.com/sharedfiles/filedetails/?id=3237083444	2026-09-12
3574898541	Move the Patient	Data	konstantynopolitaneczka.movethepatient	https://steamcommunity.com/sharedfiles/filedetails/?id=3574898541	2026-09-07
3609970449	Nice Inventory Tab CE Integration	Data	Andromeda.NITICE	https://steamcommunity.com/sharedfiles/filedetails/?id=3609970449	2026-09-07
3526067333	No conduit on Gravship	Data	mrwireman.Noconduit	https://steamcommunity.com/sharedfiles/filedetails/?id=3526067333	2026-09-07
3313984755	Noobert Nebulous - Vidtuber (Continued)	Data	NoobertNebulous.Vidtuber	https://steamcommunity.com/sharedfiles/filedetails/?id=3313984755	2026-09-07
3525851843	Odyssey Transport Shuttle	Data	toshtaru.Odyssey.Transport.Shuttle	https://steamcommunity.com/sharedfiles/filedetails/?id=3525851843	2026-09-12
3525980713	Orbital Platforms	Data	RashoMcree.Odyssey.OrbitalPlatforms	https://steamcommunity.com/sharedfiles/filedetails/?id=3525980713	2026-09-07
3773528576	Orbital Station Start	Data	alt4s.OrbitalStationStart	https://steamcommunity.com/sharedfiles/filedetails/?id=3773528576	2026-09-07
2664723367	Performance Optimizer	Data	Taranchuk.PerformanceOptimizer	https://steamcommunity.com/sharedfiles/filedetails/?id=2664723367	2026-09-07
3522497657	Persona Mechanoid Pawns 2	Data	Pal5k.PersonaMechs2	https://steamcommunity.com/sharedfiles/filedetails/?id=3522497657	2026-09-10
3766728761	Persona Weapons Unbound	Data	shunter.personaweaponsunbound	https://steamcommunity.com/sharedfiles/filedetails/?id=3766728761	2026-09-07
3527418098	Pharmacist: Represcribed	Data	Fluffy.Pharmacist	https://steamcommunity.com/sharedfiles/filedetails/?id=3527418098	2026-09-07
3528798857	Quality Bionics Remastered	Data	assassinsbro.qualitybionicsremastered	https://steamcommunity.com/sharedfiles/filedetails/?id=3528798857	2026-09-07
3011412382	Random Chance	Data	Scurvyez.RandomChance	https://steamcommunity.com/sharedfiles/filedetails/?id=3011412382	2026-09-07
1359645236	RenameColony	Data	weilbyte.renamecolony	https://steamcommunity.com/sharedfiles/filedetails/?id=1359645236	2026-09-07
3492739424	Research Papers	Data	ChaoticEnrico.ResearchPapers	https://steamcommunity.com/sharedfiles/filedetails/?id=3492739424	2026-09-08
2868392160	Research Reinvented	Data	PeteTimesSix.ResearchReinvented	https://steamcommunity.com/sharedfiles/filedetails/?id=2868392160	2026-09-07
3578212339	Rimpsyche - Disposition	Data	Maux36.Rimpsyche.Disposition	https://steamcommunity.com/sharedfiles/filedetails/?id=3578212339	2026-09-08
3535112473	Rimpsyche - Personality Core	Data	Maux36.Rimpsyche	https://steamcommunity.com/sharedfiles/filedetails/?id=3535112473	2026-09-08
3627304156	Rimpsyche - Sexuality	Data	Maux36.Rimpsyche.Sexuality	https://steamcommunity.com/sharedfiles/filedetails/?id=3627304156	2026-09-08
3656688077	RimServers	Data	ninoss.rimservers	https://steamcommunity.com/sharedfiles/filedetails/?id=3656688077	2026-09-07
2654432921	Romance On The Rim	Data	telardo.RomanceOnTheRim	https://steamcommunity.com/sharedfiles/filedetails/?id=2654432921	2026-09-08
2478833213	RPG Style Inventory Revamped	Data	Sandy.RPGStyleInventory.avilmask.Revamped	https://steamcommunity.com/sharedfiles/filedetails/?id=2478833213	2026-09-07
728314182	RT Fuse	Data	ratys.rtfuse	https://steamcommunity.com/sharedfiles/filedetails/?id=728314182	2026-09-07
728315620	RT Solar Flare Shield	Data	ratys.rtsolarflareshield	https://steamcommunity.com/sharedfiles/filedetails/?id=728315620	2026-09-12
3246956515	Sense Of Depth For Tall Buildings	Data	sicefe.senseofdepth	https://steamcommunity.com/sharedfiles/filedetails/?id=3246956515	2026-09-08
927155256	Simple sidearms	Data	PeteTimesSix.SimpleSidearms	https://steamcommunity.com/sharedfiles/filedetails/?id=927155256	2026-09-08
2973858097	Slim Recharger	Data	rabiosus.slimrecharger	https://steamcommunity.com/sharedfiles/filedetails/?id=2973858097	2026-09-07
3738014590	Space Services	Data	jdubarb.spaceservices	https://steamcommunity.com/sharedfiles/filedetails/?id=3738014590	2026-09-07
2205980094	Standalone Hot Spring	Data	balistafreak.StandaloneHotSpring	https://steamcommunity.com/sharedfiles/filedetails/?id=2205980094	2026-09-07
3491899840	The Dead Man's Switch - Synthroid Enhanced Patch	Data	TritiumQ.Patch.DeadManSwitch.Synthetic	https://steamcommunity.com/sharedfiles/filedetails/?id=3491899840	2026-09-07
3520836521	Tilt the Planet! - Realism Overhaul	Data	sjaandi.realtiltmod	https://steamcommunity.com/sharedfiles/filedetails/?id=3520836521	2026-09-08
2046222331	Trader ships	Data	automatic.traderships	https://steamcommunity.com/sharedfiles/filedetails/?id=2046222331	2026-09-08
3531909708	TSIND Power Armor QA	Data	TSIND.PowerArmor.QA	https://steamcommunity.com/sharedfiles/filedetails/?id=3531909708	2026-09-08
2588873455	UI Not Included: Customizable UI Overhaul	Data	GonDragon.UINotIncluded	https://steamcommunity.com/sharedfiles/filedetails/?id=2588873455	2026-09-07
2860414285	Vanilla Combat Reloaded	Data	Donald.VCR	https://steamcommunity.com/sharedfiles/filedetails/?id=2860414285	2026-09-07
3684305707	Vanilla Gravship Expanded - Expanded	Data	SOA.compactworkbenches	https://steamcommunity.com/sharedfiles/filedetails/?id=3684305707	2026-09-10
2842502659	Vanilla Psycasts Expanded	Data	VanillaExpanded.VPsycastsE	https://steamcommunity.com/sharedfiles/filedetails/?id=2842502659	2026-09-08
3400246558	Vanilla Skills Expanded	Data	vanillaexpanded.skills	https://steamcommunity.com/sharedfiles/filedetails/?id=3400246558	2026-09-08
3456687807	VFE-Deserters: Remote Deadlife IED	Data	Kim.VFED.Deadlife.IED	https://steamcommunity.com/sharedfiles/filedetails/?id=3456687807	2026-09-07
2888380373	WVC - Work Modes	Data	wvc.sergkart.biotech.MoreMechanoidsWorkModes	https://steamcommunity.com/sharedfiles/filedetails/?id=2888380373	2026-09-07
2574315206	XML Extensions	Data	imranfish.xmlextensions	https://steamcommunity.com/sharedfiles/filedetails/?id=2574315206	2026-09-07
3679396881	Zoology: Realistic Animal Overhaul	Data	com.abobashark.zoologymod	https://steamcommunity.com/sharedfiles/filedetails/?id=3679396881	2026-09-12